passenger_arrival_time,origin_vertiport_id,destination_vertiport_id,passenger_id
152,SFO,OAK,0
152,OAK,SFO,1
306,OAK,SFO,2
306,SFO,OAK,3
453,SFO,OAK,4
453,OAK,SFO,5
601,SFO,OAK,6
601,OAK,SFO,7
784,SFO,OAK,8
784,OAK,SFO,9
945,OAK,SFO,10
945,SFO,OAK,11
1052,OAK,SFO,12
1083,SFO,OAK,13
1179,OAK,SFO,14
1238,SFO,OAK,15
1328,OAK,SFO,16
1416,SFO,OAK,17
1461,OAK,SFO,18
1577,SFO,OAK,19
1612,OAK,SFO,20
1753,OAK,SFO,21
1758,SFO,OAK,22
1970,SFO,OAK,23
1978,OAK,SFO,24
2148,SFO,OAK,25
2162,OAK,SFO,26
2332,SFO,OAK,27
2370,OAK,SFO,28
2540,SFO,OAK,29
2544,OAK,SFO,30
2714,SFO,OAK,31
2732,OAK,SFO,32
2888,SFO,OAK,33
2932,OAK,SFO,34
3075,SFO,OAK,35
3143,OAK,SFO,36
3243,SFO,OAK,37
3360,OAK,SFO,38
3416,SFO,OAK,39
3588,OAK,SFO,40
3599,SFO,OAK,41
3811,SFO,OAK,42
3811,OAK,SFO,43
4043,OAK,SFO,44
4043,SFO,OAK,45
4266,SFO,OAK,46
4266,OAK,SFO,47
4474,OAK,SFO,48
4474,SFO,OAK,49
4732,SFO,OAK,50
4808,OAK,SFO,51
4942,SFO,OAK,52
5091,OAK,SFO,53
5183,SFO,OAK,54
5409,OAK,SFO,55
5425,SFO,OAK,56
5636,SFO,OAK,57
5719,OAK,SFO,58
5851,SFO,OAK,59
6032,OAK,SFO,60
6067,SFO,OAK,61
6284,SFO,OAK,62
6321,OAK,SFO,63
6496,SFO,OAK,64
6724,SFO,OAK,65
6737,OAK,SFO,66
6950,SFO,OAK,67
7176,OAK,SFO,68
7178,SFO,OAK,69
7417,SFO,OAK,70
7609,OAK,SFO,71
7623,SFO,OAK,72
7838,SFO,OAK,73
8063,OAK,SFO,74
8067,SFO,OAK,75
8341,SFO,OAK,76
8551,OAK,SFO,77
8574,SFO,OAK,78
8787,SFO,OAK,79
9006,OAK,SFO,80
9016,SFO,OAK,81
9223,SFO,OAK,82
9439,OAK,SFO,83
9457,SFO,OAK,84
9697,SFO,OAK,85
9862,OAK,SFO,86
9943,SFO,OAK,87
10098,SFO,OAK,88
10287,SFO,OAK,89
10337,OAK,SFO,90
10464,SFO,OAK,91
10650,SFO,OAK,92
10792,OAK,SFO,93
10835,SFO,OAK,94
10963,SFO,OAK,95
11146,SFO,OAK,96
11273,OAK,SFO,97
11329,SFO,OAK,98
11515,SFO,OAK,99
11715,SFO,OAK,100
11734,OAK,SFO,101
11877,SFO,OAK,102
12070,SFO,OAK,103
12134,OAK,SFO,104
12230,SFO,OAK,105
12394,SFO,OAK,106
12559,SFO,OAK,107
12590,OAK,SFO,108
12733,SFO,OAK,109
12895,SFO,OAK,110
13042,SFO,OAK,111
13047,OAK,SFO,112
13199,SFO,OAK,113
13357,SFO,OAK,114
13510,OAK,SFO,115
13516,SFO,OAK,116
13651,SFO,OAK,117
13789,SFO,OAK,118
13950,SFO,OAK,119
13971,OAK,SFO,120
14094,SFO,OAK,121
14251,SFO,OAK,122
14387,SFO,OAK,123
14450,OAK,SFO,124
14531,SFO,OAK,125
14681,SFO,OAK,126
14811,SFO,OAK,127
14879,OAK,SFO,128
14947,SFO,OAK,129
15072,SFO,OAK,130
15209,SFO,OAK,131
15328,SFO,OAK,132
15343,OAK,SFO,133
15379,SFO,OAK,134
15473,SFO,OAK,135
15569,SFO,OAK,136
15642,OAK,SFO,137
15674,SFO,OAK,138
15775,SFO,OAK,139
15880,SFO,OAK,140
15938,OAK,SFO,141
15975,SFO,OAK,142
16078,SFO,OAK,143
16182,SFO,OAK,144
16246,OAK,SFO,145
16275,SFO,OAK,146
16362,SFO,OAK,147
16463,SFO,OAK,148
16506,OAK,SFO,149
16538,SFO,OAK,150
16620,SFO,OAK,151
16693,SFO,OAK,152
16771,SFO,OAK,153
16784,OAK,SFO,154
16847,SFO,OAK,155
16940,SFO,OAK,156
17022,SFO,OAK,157
17087,OAK,SFO,158
17110,SFO,OAK,159
17171,SFO,OAK,160
17230,SFO,OAK,161
17296,SFO,OAK,162
17328,OAK,SFO,163
17372,SFO,OAK,164
17454,SFO,OAK,165
17524,SFO,OAK,166
17560,OAK,SFO,167
17615,SFO,OAK,168
17677,SFO,OAK,169
17750,SFO,OAK,170
17807,OAK,SFO,171
17814,SFO,OAK,172
17867,SFO,OAK,173
17953,SFO,OAK,174
18025,SFO,OAK,175
18029,OAK,SFO,176
18059,SFO,OAK,177
18126,SFO,OAK,178
18187,SFO,OAK,179
18193,OAK,SFO,180
18251,SFO,OAK,181
18312,SFO,OAK,182
18353,OAK,SFO,183
18385,SFO,OAK,184
18449,SFO,OAK,185
18501,SFO,OAK,186
18517,OAK,SFO,187
18578,SFO,OAK,188
18638,SFO,OAK,189
18682,OAK,SFO,190
18700,SFO,OAK,191
18754,SFO,OAK,192
18824,SFO,OAK,193
18844,OAK,SFO,194
18895,SFO,OAK,195
18935,SFO,OAK,196
18986,SFO,OAK,197
19032,SFO,OAK,198
19088,SFO,OAK,199
19093,OAK,SFO,200
19130,SFO,OAK,201
19163,SFO,OAK,202
19205,SFO,OAK,203
19256,SFO,OAK,204
19269,OAK,SFO,205
19299,SFO,OAK,206
19339,SFO,OAK,207
19372,SFO,OAK,208
19425,SFO,OAK,209
19457,OAK,SFO,210
19467,SFO,OAK,211
19516,SFO,OAK,212
19561,SFO,OAK,213
19607,SFO,OAK,214
19646,OAK,SFO,215
19661,SFO,OAK,216
19709,SFO,OAK,217
19759,SFO,OAK,218
19835,OAK,SFO,219
19838,SFO,OAK,220
19878,SFO,OAK,221
19913,SFO,OAK,222
19929,OAK,SFO,223
19950,SFO,OAK,224
19983,SFO,OAK,225
20023,SFO,OAK,226
20047,OAK,SFO,227
20071,SFO,OAK,228
20114,SFO,OAK,229
20163,SFO,OAK,230
20186,OAK,SFO,231
20206,SFO,OAK,232
20250,SFO,OAK,233
20284,SFO,OAK,234
20309,OAK,SFO,235
20322,SFO,OAK,236
20369,SFO,OAK,237
20422,SFO,OAK,238
20444,OAK,SFO,239
20468,SFO,OAK,240
20509,SFO,OAK,241
20536,SFO,OAK,242
20560,OAK,SFO,243
20570,SFO,OAK,244
20606,SFO,OAK,245
20643,SFO,OAK,246
20690,SFO,OAK,247
20691,OAK,SFO,248
20726,SFO,OAK,249
20741,SFO,OAK,250
20768,SFO,OAK,251
20801,SFO,OAK,252
20832,SFO,OAK,253
20833,OAK,SFO,254
20862,SFO,OAK,255
20899,SFO,OAK,256
20941,SFO,OAK,257
20947,OAK,SFO,258
20986,SFO,OAK,259
21020,SFO,OAK,260
21054,SFO,OAK,261
21067,OAK,SFO,262
21093,SFO,OAK,263
21133,SFO,OAK,264
21176,OAK,SFO,265
21176,SFO,OAK,266
21212,SFO,OAK,267
21262,SFO,OAK,268
21296,OAK,SFO,269
21296,SFO,OAK,270
21330,SFO,OAK,271
21383,SFO,OAK,272
21399,OAK,SFO,273
21426,SFO,OAK,274
21461,SFO,OAK,275
21490,OAK,SFO,276
21498,SFO,OAK,277
21532,SFO,OAK,278
21570,SFO,OAK,279
21596,OAK,SFO,280
21646,SFO,OAK,281
21685,SFO,OAK,282
21696,OAK,SFO,283
21727,SFO,OAK,284
21779,SFO,OAK,285
21801,OAK,SFO,286
21807,SFO,OAK,287
21839,SFO,OAK,288
21870,SFO,OAK,289
21902,OAK,SFO,290
21907,SFO,OAK,291
21942,SFO,OAK,292
21990,SFO,OAK,293
22007,OAK,SFO,294
22030,SFO,OAK,295
22068,SFO,OAK,296
22102,SFO,OAK,297
22102,OAK,SFO,298
22137,SFO,OAK,299
22177,SFO,OAK,300
22205,OAK,SFO,301
22213,SFO,OAK,302
22260,SFO,OAK,303
22294,SFO,OAK,304
22309,OAK,SFO,305
22324,SFO,OAK,306
22368,SFO,OAK,307
22402,OAK,SFO,308
22409,SFO,OAK,309
22442,SFO,OAK,310
22484,SFO,OAK,311
22508,OAK,SFO,312
22540,SFO,OAK,313
22580,SFO,OAK,314
22601,OAK,SFO,315
22609,SFO,OAK,316
22650,SFO,OAK,317
22676,OAK,SFO,318
22683,SFO,OAK,319
22723,SFO,OAK,320
22758,OAK,SFO,321
22764,SFO,OAK,322
22820,SFO,OAK,323
22831,OAK,SFO,324
22863,SFO,OAK,325
22902,SFO,OAK,326
22909,OAK,SFO,327
22947,SFO,OAK,328
22985,SFO,OAK,329
22985,OAK,SFO,330
23028,SFO,OAK,331
23062,SFO,OAK,332
23078,OAK,SFO,333
23103,SFO,OAK,334
23144,SFO,OAK,335
23160,OAK,SFO,336
23183,SFO,OAK,337
23223,SFO,OAK,338
23248,OAK,SFO,339
23273,SFO,OAK,340
23305,SFO,OAK,341
23331,OAK,SFO,342
23358,SFO,OAK,343
23390,SFO,OAK,344
23402,OAK,SFO,345
23428,SFO,OAK,346
23432,SFO,OAK,347
23466,OAK,SFO,348
23470,SFO,OAK,349
23513,SFO,OAK,350
23536,SFO,OAK,351
23542,OAK,SFO,352
23578,SFO,OAK,353
23614,SFO,OAK,354
23624,OAK,SFO,355
23651,SFO,OAK,356
23683,SFO,OAK,357
23694,OAK,SFO,358
23725,SFO,OAK,359
23766,SFO,OAK,360
23785,OAK,SFO,361
23801,SFO,OAK,362
23840,SFO,OAK,363
23847,OAK,SFO,364
23878,SFO,OAK,365
23920,OAK,SFO,366
23936,SFO,OAK,367
23965,SFO,OAK,368
23984,OAK,SFO,369
24006,SFO,OAK,370
24037,OAK,SFO,371
24042,SFO,OAK,372
24084,SFO,OAK,373
24123,OAK,SFO,374
24128,SFO,OAK,375
24164,SFO,OAK,376
24191,SFO,OAK,377
24195,OAK,SFO,378
24229,SFO,OAK,379
24259,SFO,OAK,380
24259,OAK,SFO,381
24331,OAK,SFO,382
24341,SFO,OAK,383
24356,OAK,SFO,384
24378,SFO,OAK,385
24416,OAK,SFO,386
24421,SFO,OAK,387
24468,SFO,OAK,388
24473,OAK,SFO,389
24507,SFO,OAK,390
24541,OAK,SFO,391
24541,SFO,OAK,392
24588,SFO,OAK,393
24601,OAK,SFO,394
24627,SFO,OAK,395
24649,OAK,SFO,396
24665,SFO,OAK,397
24695,SFO,OAK,398
24721,OAK,SFO,399
24732,SFO,OAK,400
24774,SFO,OAK,401
24777,OAK,SFO,402
24817,SFO,OAK,403
24835,OAK,SFO,404
24854,SFO,OAK,405
24885,OAK,SFO,406
24895,SFO,OAK,407
24941,SFO,OAK,408
24950,OAK,SFO,409
24984,SFO,OAK,410
25014,SFO,OAK,411
25017,OAK,SFO,412
25051,SFO,OAK,413
25064,OAK,SFO,414
25081,SFO,OAK,415
25124,SFO,OAK,416
25128,OAK,SFO,417
25179,SFO,OAK,418
25186,OAK,SFO,419
25226,SFO,OAK,420
25238,SFO,OAK,421
25270,OAK,SFO,422
25276,SFO,OAK,423
25307,SFO,OAK,424
25324,OAK,SFO,425
25345,SFO,OAK,426
25368,OAK,SFO,427
25380,SFO,OAK,428
25407,SFO,OAK,429
25422,OAK,SFO,430
25439,SFO,OAK,431
25472,SFO,OAK,432
25486,OAK,SFO,433
25498,SFO,OAK,434
25528,SFO,OAK,435
25541,OAK,SFO,436
25571,SFO,OAK,437
25593,OAK,SFO,438
25601,SFO,OAK,439
25637,OAK,SFO,440
25637,SFO,OAK,441
25672,SFO,OAK,442
25704,OAK,SFO,443
25707,SFO,OAK,444
25749,SFO,OAK,445
25758,OAK,SFO,446
25786,SFO,OAK,447
25820,OAK,SFO,448
25821,SFO,OAK,449
25858,SFO,OAK,450
25877,OAK,SFO,451
25891,SFO,OAK,452
25920,SFO,OAK,453
25936,OAK,SFO,454
25959,SFO,OAK,455
26003,OAK,SFO,456
26005,SFO,OAK,457
26039,SFO,OAK,458
26063,OAK,SFO,459
26151,SFO,OAK,460
26156,OAK,SFO,461
26186,SFO,OAK,462
26207,OAK,SFO,463
26223,SFO,OAK,464
26257,SFO,OAK,465
26261,OAK,SFO,466
26304,SFO,OAK,467
26309,OAK,SFO,468
26342,SFO,OAK,469
26360,OAK,SFO,470
26384,SFO,OAK,471
26414,OAK,SFO,472
26417,SFO,OAK,473
26467,SFO,OAK,474
26477,OAK,SFO,475
26505,SFO,OAK,476
26535,OAK,SFO,477
26536,SFO,OAK,478
26582,SFO,OAK,479
26599,OAK,SFO,480
26612,SFO,OAK,481
26647,SFO,OAK,482
26656,OAK,SFO,483
26685,SFO,OAK,484
26715,OAK,SFO,485
26725,SFO,OAK,486
26762,OAK,SFO,487
26766,SFO,OAK,488
26803,SFO,OAK,489
26814,OAK,SFO,490
26837,SFO,OAK,491
26874,SFO,OAK,492
26876,OAK,SFO,493
26919,SFO,OAK,494
26946,OAK,SFO,495
26973,SFO,OAK,496
27006,OAK,SFO,497
27021,SFO,OAK,498
27034,OAK,SFO,499
27036,SFO,OAK,500
27062,OAK,SFO,501
27071,SFO,OAK,502
27076,OAK,SFO,503
27101,SFO,OAK,504
27120,OAK,SFO,505
27134,SFO,OAK,506
27165,OAK,SFO,507
27178,SFO,OAK,508
27217,SFO,OAK,509
27221,OAK,SFO,510
27255,SFO,OAK,511
27265,OAK,SFO,512
27300,SFO,OAK,513
27315,OAK,SFO,514
27341,SFO,OAK,515
27349,OAK,SFO,516
27384,SFO,OAK,517
27390,OAK,SFO,518
27428,OAK,SFO,519
27429,SFO,OAK,520
27466,OAK,SFO,521
27478,SFO,OAK,522
27511,OAK,SFO,523
27513,SFO,OAK,524
27551,SFO,OAK,525
27561,OAK,SFO,526
27581,SFO,OAK,527
27615,OAK,SFO,528
27620,SFO,OAK,529
27657,OAK,SFO,530
27664,SFO,OAK,531
27699,OAK,SFO,532
27701,SFO,OAK,533
27747,OAK,SFO,534
27749,SFO,OAK,535
27795,OAK,SFO,536
27799,SFO,OAK,537
27831,SFO,OAK,538
27847,OAK,SFO,539
27862,SFO,OAK,540
27913,SFO,OAK,541
27935,SFO,OAK,542
27942,OAK,SFO,543
27966,SFO,OAK,544
27999,OAK,SFO,545
28013,SFO,OAK,546
28038,OAK,SFO,547
28062,SFO,OAK,548
28078,OAK,SFO,549
28102,SFO,OAK,550
28138,SFO,OAK,551
28138,OAK,SFO,552
28176,SFO,OAK,553
28187,OAK,SFO,554
28225,SFO,OAK,555
28227,OAK,SFO,556
28268,SFO,OAK,557
28269,OAK,SFO,558
28308,SFO,OAK,559
28308,OAK,SFO,560
28352,OAK,SFO,561
28353,SFO,OAK,562
28397,SFO,OAK,563
28405,OAK,SFO,564
28435,SFO,OAK,565
28450,OAK,SFO,566
28473,SFO,OAK,567
28498,OAK,SFO,568
28514,SFO,OAK,569
28556,OAK,SFO,570
28561,SFO,OAK,571
28589,OAK,SFO,572
28598,SFO,OAK,573
28626,OAK,SFO,574
28643,SFO,OAK,575
28662,OAK,SFO,576
28676,SFO,OAK,577
28705,OAK,SFO,578
28706,SFO,OAK,579
28738,SFO,OAK,580
28745,OAK,SFO,581
28787,SFO,OAK,582
28800,OAK,SFO,583
28834,SFO,OAK,584
28837,SFO,OAK,585
28851,OAK,SFO,586
28881,SFO,OAK,587
28900,OAK,SFO,588
28923,SFO,OAK,589
28944,OAK,SFO,590
28962,SFO,OAK,591
28990,OAK,SFO,592
29002,SFO,OAK,593
29040,OAK,SFO,594
29045,SFO,OAK,595
29086,OAK,SFO,596
29089,SFO,OAK,597
29138,SFO,OAK,598
29145,OAK,SFO,599
29174,SFO,OAK,600
29190,OAK,SFO,601
29213,SFO,OAK,602
29229,OAK,SFO,603
29248,SFO,OAK,604
29284,SFO,OAK,605
29284,OAK,SFO,606
29315,SFO,OAK,607
29336,OAK,SFO,608
29342,SFO,OAK,609
29379,SFO,OAK,610
29379,OAK,SFO,611
29422,SFO,OAK,612
29433,OAK,SFO,613
29465,SFO,OAK,614
29484,OAK,SFO,615
29497,SFO,OAK,616
29529,SFO,OAK,617
29535,OAK,SFO,618
29568,SFO,OAK,619
29573,OAK,SFO,620
29601,SFO,OAK,621
29625,OAK,SFO,622
29631,SFO,OAK,623
29667,SFO,OAK,624
29668,OAK,SFO,625
29739,SFO,OAK,626
29749,OAK,SFO,627
29783,SFO,OAK,628
29798,OAK,SFO,629
29835,SFO,OAK,630
29864,OAK,SFO,631
29875,SFO,OAK,632
29910,SFO,OAK,633
29915,OAK,SFO,634
29960,SFO,OAK,635
29962,OAK,SFO,636
30003,SFO,OAK,637
30016,OAK,SFO,638
30053,SFO,OAK,639
30062,OAK,SFO,640
30100,SFO,OAK,641
30113,OAK,SFO,642
30133,SFO,OAK,643
30154,OAK,SFO,644
30167,SFO,OAK,645
30204,OAK,SFO,646
30211,SFO,OAK,647
30250,SFO,OAK,648
30254,OAK,SFO,649
30284,SFO,OAK,650
30301,OAK,SFO,651
30325,SFO,OAK,652
30349,OAK,SFO,653
30364,SFO,OAK,654
30403,SFO,OAK,655
30408,OAK,SFO,656
30444,SFO,OAK,657
30448,OAK,SFO,658
30479,SFO,OAK,659
30511,OAK,SFO,660
30518,SFO,OAK,661
30557,OAK,SFO,662
30559,SFO,OAK,663
30593,SFO,OAK,664
30596,OAK,SFO,665
30632,SFO,OAK,666
30640,SFO,OAK,667
30642,OAK,SFO,668
30651,OAK,SFO,669
30681,OAK,SFO,670
30685,SFO,OAK,671
30721,SFO,OAK,672
30732,OAK,SFO,673
30753,SFO,OAK,674
30776,OAK,SFO,675
30786,SFO,OAK,676
30821,OAK,SFO,677
30829,SFO,OAK,678
30861,OAK,SFO,679
30873,SFO,OAK,680
30909,SFO,OAK,681
30912,OAK,SFO,682
30950,SFO,OAK,683
30961,OAK,SFO,684
30998,SFO,OAK,685
31004,OAK,SFO,686
31035,SFO,OAK,687
31052,OAK,SFO,688
31080,SFO,OAK,689
31098,OAK,SFO,690
31125,SFO,OAK,691
31166,SFO,OAK,692
31167,OAK,SFO,693
31204,OAK,SFO,694
31215,SFO,OAK,695
31251,SFO,OAK,696
31253,OAK,SFO,697
31296,SFO,OAK,698
31297,OAK,SFO,699
31340,SFO,OAK,700
31347,OAK,SFO,701
31379,SFO,OAK,702
31400,OAK,SFO,703
31428,SFO,OAK,704
31444,OAK,SFO,705
31478,OAK,SFO,706
31479,SFO,OAK,707
31517,SFO,OAK,708
31533,SFO,OAK,709
31546,OAK,SFO,710
31578,SFO,OAK,711
31584,OAK,SFO,712
31617,SFO,OAK,713
31633,OAK,SFO,714
31655,SFO,OAK,715
31678,OAK,SFO,716
31698,SFO,OAK,717
31729,OAK,SFO,718
31740,SFO,OAK,719
31776,SFO,OAK,720
31785,OAK,SFO,721
31816,SFO,OAK,722
31832,OAK,SFO,723
31858,SFO,OAK,724
31874,OAK,SFO,725
31901,SFO,OAK,726
31930,OAK,SFO,727
31954,SFO,OAK,728
31977,OAK,SFO,729
31998,SFO,OAK,730
32023,OAK,SFO,731
32058,SFO,OAK,732
32061,OAK,SFO,733
32092,SFO,OAK,734
32106,OAK,SFO,735
32151,SFO,OAK,736
32157,OAK,SFO,737
32196,SFO,OAK,738
32209,OAK,SFO,739
32253,SFO,OAK,740
32254,OAK,SFO,741
32292,SFO,OAK,742
32304,OAK,SFO,743
32325,SFO,OAK,744
32359,OAK,SFO,745
32362,SFO,OAK,746
32395,SFO,OAK,747
32411,OAK,SFO,748
32438,SFO,OAK,749
32440,OAK,SFO,750
32478,SFO,OAK,751
32488,OAK,SFO,752
32515,SFO,OAK,753
32528,OAK,SFO,754
32554,SFO,OAK,755
32582,OAK,SFO,756
32587,SFO,OAK,757
32635,SFO,OAK,758
32650,OAK,SFO,759
32676,SFO,OAK,760
32709,OAK,SFO,761
32709,SFO,OAK,762
32754,SFO,OAK,763
32760,OAK,SFO,764
32793,SFO,OAK,765
32810,OAK,SFO,766
32836,SFO,OAK,767
32853,OAK,SFO,768
32877,SFO,OAK,769
32903,OAK,SFO,770
32934,SFO,OAK,771
32950,OAK,SFO,772
32980,SFO,OAK,773
32988,OAK,SFO,774
33016,SFO,OAK,775
33032,OAK,SFO,776
33063,SFO,OAK,777
33077,OAK,SFO,778
33101,SFO,OAK,779
33119,OAK,SFO,780
33141,SFO,OAK,781
33175,OAK,SFO,782
33187,SFO,OAK,783
33217,OAK,SFO,784
33226,SFO,OAK,785
33266,OAK,SFO,786
33278,SFO,OAK,787
33346,SFO,OAK,788
33347,OAK,SFO,789
33390,SFO,OAK,790
33395,OAK,SFO,791
33423,SFO,OAK,792
33451,OAK,SFO,793
33472,SFO,OAK,794
33501,OAK,SFO,795
33517,SFO,OAK,796
33548,OAK,SFO,797
33553,SFO,OAK,798
33598,OAK,SFO,799
33601,SFO,OAK,800
33643,OAK,SFO,801
33657,SFO,OAK,802
33683,OAK,SFO,803
33699,SFO,OAK,804
33735,OAK,SFO,805
33736,SFO,OAK,806
33772,SFO,OAK,807
33795,OAK,SFO,808
33806,SFO,OAK,809
33841,OAK,SFO,810
33852,SFO,OAK,811
33884,SFO,OAK,812
33904,OAK,SFO,813
33922,SFO,OAK,814
33949,OAK,SFO,815
33983,SFO,OAK,816
33996,OAK,SFO,817
34032,SFO,OAK,818
34040,OAK,SFO,819
34076,SFO,OAK,820
34099,OAK,SFO,821
34125,SFO,OAK,822
34148,OAK,SFO,823
34166,SFO,OAK,824
34202,OAK,SFO,825
34211,SFO,OAK,826
34241,SFO,OAK,827
34244,OAK,SFO,828
34279,SFO,OAK,829
34306,OAK,SFO,830
34321,SFO,OAK,831
34355,OAK,SFO,832
34372,SFO,OAK,833
34411,OAK,SFO,834
34424,SFO,OAK,835
34452,OAK,SFO,836
34465,SFO,OAK,837
34510,OAK,SFO,838
34513,SFO,OAK,839
34549,OAK,SFO,840
34562,SFO,OAK,841
34595,OAK,SFO,842
34611,SFO,OAK,843
34643,OAK,SFO,844
34660,SFO,OAK,845
34694,OAK,SFO,846
34702,SFO,OAK,847
34737,SFO,OAK,848
34746,OAK,SFO,849
34765,SFO,OAK,850
34794,OAK,SFO,851
34815,SFO,OAK,852
34838,OAK,SFO,853
34861,SFO,OAK,854
34886,OAK,SFO,855
34912,SFO,OAK,856
34943,OAK,SFO,857
34954,SFO,OAK,858
34999,SFO,OAK,859
35010,OAK,SFO,860
35051,SFO,OAK,861
35071,OAK,SFO,862
35098,SFO,OAK,863
35118,OAK,SFO,864
35139,SFO,OAK,865
35145,OAK,SFO,866
35152,SFO,OAK,867
35185,OAK,SFO,868
35199,SFO,OAK,869
35228,OAK,SFO,870
35261,SFO,OAK,871
35283,OAK,SFO,872
35302,SFO,OAK,873
35333,OAK,SFO,874
35350,SFO,OAK,875
35381,OAK,SFO,876
35401,SFO,OAK,877
35438,OAK,SFO,878
35440,SFO,OAK,879
35480,SFO,OAK,880
35490,OAK,SFO,881
35529,SFO,OAK,882
35545,OAK,SFO,883
35566,SFO,OAK,884
35602,OAK,SFO,885
35609,SFO,OAK,886
35650,SFO,OAK,887
35664,OAK,SFO,888
35692,SFO,OAK,889
35709,OAK,SFO,890
35738,SFO,OAK,891
35757,OAK,SFO,892
35771,SFO,OAK,893
35797,OAK,SFO,894
35822,SFO,OAK,895
35846,OAK,SFO,896
35871,SFO,OAK,897
35901,OAK,SFO,898
35912,SFO,OAK,899
35948,OAK,SFO,900
35958,SFO,OAK,901
36008,OAK,SFO,902
36019,SFO,OAK,903
36051,SFO,OAK,904
36065,OAK,SFO,905
36098,SFO,OAK,906
36110,OAK,SFO,907
36154,OAK,SFO,908
36157,SFO,OAK,909
36194,SFO,OAK,910
36202,OAK,SFO,911
36228,SFO,OAK,912
36246,OAK,SFO,913
36267,SFO,OAK,914
36309,OAK,SFO,915
36316,SFO,OAK,916
36370,SFO,OAK,917
36373,OAK,SFO,918
36415,SFO,OAK,919
36427,OAK,SFO,920
36463,SFO,OAK,921
36476,OAK,SFO,922
36498,SFO,OAK,923
36527,OAK,SFO,924
36535,SFO,OAK,925
36576,SFO,OAK,926
36592,OAK,SFO,927
36614,SFO,OAK,928
36650,OAK,SFO,929
36650,SFO,OAK,930
36705,OAK,SFO,931
36705,SFO,OAK,932
36743,SFO,OAK,933
36765,OAK,SFO,934
36791,SFO,OAK,935
36824,OAK,SFO,936
36831,SFO,OAK,937
36868,OAK,SFO,938
36870,SFO,OAK,939
36920,OAK,SFO,940
36938,SFO,OAK,941
36949,OAK,SFO,942
36968,SFO,OAK,943
37001,OAK,SFO,944
37004,SFO,OAK,945
37045,SFO,OAK,946
37060,OAK,SFO,947
37091,SFO,OAK,948
37108,OAK,SFO,949
37134,SFO,OAK,950
37165,OAK,SFO,951
37177,SFO,OAK,952
37208,OAK,SFO,953
37222,SFO,OAK,954
37248,OAK,SFO,955
37266,SFO,OAK,956
37290,OAK,SFO,957
37320,SFO,OAK,958
37351,OAK,SFO,959
37365,SFO,OAK,960
37408,SFO,OAK,961
37410,OAK,SFO,962
37448,SFO,OAK,963
37457,OAK,SFO,964
37504,SFO,OAK,965
37513,OAK,SFO,966
37551,SFO,OAK,967
37566,OAK,SFO,968
37604,SFO,OAK,969
37616,OAK,SFO,970
37644,SFO,OAK,971
37667,OAK,SFO,972
37689,SFO,OAK,973
37722,OAK,SFO,974
37747,SFO,OAK,975
37778,OAK,SFO,976
37791,SFO,OAK,977
37839,OAK,SFO,978
37846,OAK,SFO,979
37851,SFO,OAK,980
37892,SFO,OAK,981
37895,OAK,SFO,982
37940,SFO,OAK,983
37941,OAK,SFO,984
37984,SFO,OAK,985
37987,OAK,SFO,986
38025,SFO,OAK,987
38028,OAK,SFO,988
38065,OAK,SFO,989
38070,SFO,OAK,990
38113,OAK,SFO,991
38119,SFO,OAK,992
38150,SFO,OAK,993
38168,OAK,SFO,994
38196,SFO,OAK,995
38223,OAK,SFO,996
38238,SFO,OAK,997
38265,OAK,SFO,998
38281,SFO,OAK,999
38307,OAK,SFO,1000
38323,SFO,OAK,1001
38357,OAK,SFO,1002
38361,SFO,OAK,1003
38389,SFO,OAK,1004
38401,OAK,SFO,1005
38433,SFO,OAK,1006
38441,OAK,SFO,1007
38472,SFO,OAK,1008
38487,OAK,SFO,1009
38529,SFO,OAK,1010
38537,OAK,SFO,1011
38574,OAK,SFO,1012
38580,SFO,OAK,1013
38609,SFO,OAK,1014
38629,OAK,SFO,1015
38652,SFO,OAK,1016
38753,SFO,OAK,1017
38764,OAK,SFO,1018
38805,SFO,OAK,1019
38815,OAK,SFO,1020
38855,SFO,OAK,1021
38861,OAK,SFO,1022
38903,SFO,OAK,1023
38923,OAK,SFO,1024
38942,SFO,OAK,1025
38978,OAK,SFO,1026
38988,SFO,OAK,1027
39040,OAK,SFO,1028
39045,SFO,OAK,1029
39092,SFO,OAK,1030
39099,OAK,SFO,1031
39142,OAK,SFO,1032
39146,SFO,OAK,1033
39186,OAK,SFO,1034
39193,SFO,OAK,1035
39232,SFO,OAK,1036
39241,OAK,SFO,1037
39279,SFO,OAK,1038
39291,OAK,SFO,1039
39335,SFO,OAK,1040
39335,OAK,SFO,1041
39379,SFO,OAK,1042
39387,OAK,SFO,1043
39434,SFO,OAK,1044
39436,OAK,SFO,1045
39472,SFO,OAK,1046
39486,OAK,SFO,1047
39505,SFO,OAK,1048
39538,OAK,SFO,1049
39555,SFO,OAK,1050
39583,OAK,SFO,1051
39603,SFO,OAK,1052
39633,OAK,SFO,1053
39634,SFO,OAK,1054
39652,OAK,SFO,1055
39678,SFO,OAK,1056
39696,OAK,SFO,1057
39727,SFO,OAK,1058
39752,OAK,SFO,1059
39770,SFO,OAK,1060
39802,OAK,SFO,1061
39812,SFO,OAK,1062
39851,OAK,SFO,1063
39862,SFO,OAK,1064
39906,OAK,SFO,1065
39920,SFO,OAK,1066
39951,OAK,SFO,1067
39969,SFO,OAK,1068
39992,OAK,SFO,1069
40021,SFO,OAK,1070
40033,OAK,SFO,1071
40066,SFO,OAK,1072
40086,OAK,SFO,1073
40103,SFO,OAK,1074
40139,OAK,SFO,1075
40149,SFO,OAK,1076
40188,OAK,SFO,1077
40208,SFO,OAK,1078
40233,OAK,SFO,1079
40267,SFO,OAK,1080
40283,OAK,SFO,1081
40318,SFO,OAK,1082
40341,OAK,SFO,1083
40368,SFO,OAK,1084
40387,OAK,SFO,1085
40419,SFO,OAK,1086
40442,OAK,SFO,1087
40464,SFO,OAK,1088
40496,OAK,SFO,1089
40513,SFO,OAK,1090
40548,OAK,SFO,1091
40560,SFO,OAK,1092
40600,SFO,OAK,1093
40604,OAK,SFO,1094
40640,SFO,OAK,1095
40647,OAK,SFO,1096
40687,SFO,OAK,1097
40698,OAK,SFO,1098
40742,SFO,OAK,1099
40748,OAK,SFO,1100
40785,SFO,OAK,1101
40793,OAK,SFO,1102
40815,SFO,OAK,1103
40849,OAK,SFO,1104
40857,SFO,OAK,1105
40907,SFO,OAK,1106
40908,OAK,SFO,1107
40952,OAK,SFO,1108
40958,SFO,OAK,1109
40989,OAK,SFO,1110
40998,SFO,OAK,1111
41039,OAK,SFO,1112
41046,SFO,OAK,1113
41082,OAK,SFO,1114
41100,SFO,OAK,1115
41124,OAK,SFO,1116
41154,SFO,OAK,1117
41172,OAK,SFO,1118
41196,SFO,OAK,1119
41219,OAK,SFO,1120
41237,SFO,OAK,1121
41260,OAK,SFO,1122
41288,SFO,OAK,1123
41304,OAK,SFO,1124
41350,OAK,SFO,1125
41353,SFO,OAK,1126
41398,OAK,SFO,1127
41402,SFO,OAK,1128
41449,SFO,OAK,1129
41458,OAK,SFO,1130
41497,SFO,OAK,1131
41506,OAK,SFO,1132
41542,SFO,OAK,1133
41572,OAK,SFO,1134
41578,SFO,OAK,1135
41610,OAK,SFO,1136
41621,SFO,OAK,1137
41674,OAK,SFO,1138
41681,SFO,OAK,1139
41724,OAK,SFO,1140
41731,SFO,OAK,1141
41762,SFO,OAK,1142
41786,OAK,SFO,1143
41813,SFO,OAK,1144
41830,OAK,SFO,1145
41867,OAK,SFO,1146
41869,SFO,OAK,1147
41908,OAK,SFO,1148
41911,SFO,OAK,1149
41945,OAK,SFO,1150
41951,SFO,OAK,1151
41988,OAK,SFO,1152
42004,SFO,OAK,1153
42032,OAK,SFO,1154
42062,SFO,OAK,1155
42073,OAK,SFO,1156
42101,SFO,OAK,1157
42116,OAK,SFO,1158
42138,SFO,OAK,1159
42153,OAK,SFO,1160
42184,SFO,OAK,1161
42206,OAK,SFO,1162
42242,SFO,OAK,1163
42252,OAK,SFO,1164
42289,OAK,SFO,1165
42298,SFO,OAK,1166
42346,SFO,OAK,1167
42349,OAK,SFO,1168
42392,OAK,SFO,1169
42394,SFO,OAK,1170
42439,OAK,SFO,1171
42440,SFO,OAK,1172
42484,OAK,SFO,1173
42485,SFO,OAK,1174
42527,SFO,OAK,1175
42546,OAK,SFO,1176
42572,SFO,OAK,1177
42597,OAK,SFO,1178
42615,SFO,OAK,1179
42638,OAK,SFO,1180
42655,SFO,OAK,1181
42690,OAK,SFO,1182
42710,SFO,OAK,1183
42733,OAK,SFO,1184
42755,SFO,OAK,1185
42778,OAK,SFO,1186
42797,SFO,OAK,1187
42829,OAK,SFO,1188
42837,SFO,OAK,1189
42885,SFO,OAK,1190
42886,OAK,SFO,1191
42933,SFO,OAK,1192
42936,OAK,SFO,1193
42983,SFO,OAK,1194
42984,OAK,SFO,1195
43021,OAK,SFO,1196
43040,SFO,OAK,1197
43075,OAK,SFO,1198
43092,SFO,OAK,1199
43125,OAK,SFO,1200
43136,SFO,OAK,1201
43165,OAK,SFO,1202
43218,OAK,SFO,1203
43258,OAK,SFO,1204
43263,SFO,OAK,1205
43302,OAK,SFO,1206
43305,SFO,OAK,1207
43341,OAK,SFO,1208
43351,SFO,OAK,1209
43379,OAK,SFO,1210
43406,SFO,OAK,1211
43415,OAK,SFO,1212
43463,OAK,SFO,1213
43463,SFO,OAK,1214
43497,OAK,SFO,1215
43507,SFO,OAK,1216
43537,OAK,SFO,1217
43553,SFO,OAK,1218
43601,SFO,OAK,1219
43601,OAK,SFO,1220
43646,SFO,OAK,1221
43653,OAK,SFO,1222
43699,OAK,SFO,1223
43703,SFO,OAK,1224
43750,OAK,SFO,1225
43757,SFO,OAK,1226
43793,OAK,SFO,1227
43812,SFO,OAK,1228
43840,OAK,SFO,1229
43864,SFO,OAK,1230
43883,OAK,SFO,1231
43909,SFO,OAK,1232
43923,OAK,SFO,1233
43960,SFO,OAK,1234
43967,OAK,SFO,1235
44000,SFO,OAK,1236
44020,OAK,SFO,1237
44059,SFO,OAK,1238
44075,OAK,SFO,1239
44119,OAK,SFO,1240
44151,OAK,SFO,1241
44159,SFO,OAK,1242
44202,OAK,SFO,1243
44209,SFO,OAK,1244
44253,OAK,SFO,1245
44269,SFO,OAK,1246
44304,OAK,SFO,1247
44330,SFO,OAK,1248
44348,OAK,SFO,1249
44384,OAK,SFO,1250
44386,SFO,OAK,1251
44414,OAK,SFO,1252
44445,SFO,OAK,1253
44467,OAK,SFO,1254
44506,SFO,OAK,1255
44515,OAK,SFO,1256
44560,SFO,OAK,1257
44569,OAK,SFO,1258
44613,OAK,SFO,1259
44634,SFO,OAK,1260
44660,OAK,SFO,1261
44687,SFO,OAK,1262
44714,OAK,SFO,1263
44741,SFO,OAK,1264
44763,OAK,SFO,1265
44798,SFO,OAK,1266
44806,OAK,SFO,1267
44858,OAK,SFO,1268
44859,SFO,OAK,1269
44905,OAK,SFO,1270
44912,SFO,OAK,1271
44967,OAK,SFO,1272
44972,SFO,OAK,1273
45008,OAK,SFO,1274
45016,SFO,OAK,1275
45042,SFO,OAK,1276
45048,OAK,SFO,1277
45056,OAK,SFO,1278
45079,SFO,OAK,1279
45085,OAK,SFO,1280
45091,SFO,OAK,1281
45123,OAK,SFO,1282
45139,SFO,OAK,1283
45170,OAK,SFO,1284
45200,SFO,OAK,1285
45206,OAK,SFO,1286
45247,OAK,SFO,1287
45255,SFO,OAK,1288
45286,OAK,SFO,1289
45320,SFO,OAK,1290
45326,OAK,SFO,1291
45365,SFO,OAK,1292
45370,OAK,SFO,1293
45401,OAK,SFO,1294
45422,SFO,OAK,1295
45449,OAK,SFO,1296
45475,SFO,OAK,1297
45496,OAK,SFO,1298
45521,SFO,OAK,1299
45535,OAK,SFO,1300
45563,SFO,OAK,1301
45579,OAK,SFO,1302
45611,SFO,OAK,1303
45638,OAK,SFO,1304
45677,SFO,OAK,1305
45687,OAK,SFO,1306
45728,SFO,OAK,1307
45731,OAK,SFO,1308
45788,OAK,SFO,1309
45797,SFO,OAK,1310
45823,OAK,SFO,1311
45855,OAK,SFO,1312
45862,SFO,OAK,1313
45892,OAK,SFO,1314
45914,SFO,OAK,1315
45947,OAK,SFO,1316
45949,SFO,OAK,1317
45999,OAK,SFO,1318
46004,SFO,OAK,1319
46042,OAK,SFO,1320
46078,SFO,OAK,1321
46088,OAK,SFO,1322
46121,OAK,SFO,1323
46144,SFO,OAK,1324
46156,OAK,SFO,1325
46197,SFO,OAK,1326
46208,OAK,SFO,1327
46247,OAK,SFO,1328
46251,SFO,OAK,1329
46283,OAK,SFO,1330
46289,SFO,OAK,1331
46317,OAK,SFO,1332
46347,SFO,OAK,1333
46370,OAK,SFO,1334
46406,OAK,SFO,1335
46412,SFO,OAK,1336
46452,OAK,SFO,1337
46457,SFO,OAK,1338
46490,OAK,SFO,1339
46527,OAK,SFO,1340
46528,SFO,OAK,1341
46563,OAK,SFO,1342
46575,SFO,OAK,1343
46591,OAK,SFO,1344
46625,OAK,SFO,1345
46625,SFO,OAK,1346
46664,OAK,SFO,1347
46689,SFO,OAK,1348
46707,OAK,SFO,1349
46734,SFO,OAK,1350
46748,OAK,SFO,1351
46795,SFO,OAK,1352
46841,OAK,SFO,1353
46864,SFO,OAK,1354
46884,OAK,SFO,1355
46920,SFO,OAK,1356
46926,OAK,SFO,1357
46977,SFO,OAK,1358
46978,OAK,SFO,1359
47021,OAK,SFO,1360
47046,SFO,OAK,1361
47062,OAK,SFO,1362
47100,OAK,SFO,1363
47113,SFO,OAK,1364
47153,OAK,SFO,1365
47155,SFO,OAK,1366
47198,OAK,SFO,1367
47206,SFO,OAK,1368
47248,OAK,SFO,1369
47259,SFO,OAK,1370
47286,OAK,SFO,1371
47317,SFO,OAK,1372
47329,OAK,SFO,1373
47368,SFO,OAK,1374
47385,OAK,SFO,1375
47409,SFO,OAK,1376
47427,OAK,SFO,1377
47457,SFO,OAK,1378
47475,OAK,SFO,1379
47514,OAK,SFO,1380
47527,SFO,OAK,1381
47560,OAK,SFO,1382
47565,SFO,OAK,1383
47602,OAK,SFO,1384
47619,SFO,OAK,1385
47641,OAK,SFO,1386
47666,SFO,OAK,1387
47684,OAK,SFO,1388
47728,OAK,SFO,1389
47731,OAK,SFO,1390
47756,SFO,OAK,1391
47769,OAK,SFO,1392
47807,OAK,SFO,1393
47811,SFO,OAK,1394
47846,OAK,SFO,1395
47856,SFO,OAK,1396
47884,OAK,SFO,1397
47911,SFO,OAK,1398
47918,OAK,SFO,1399
47943,OAK,SFO,1400
47965,SFO,OAK,1401
47983,OAK,SFO,1402
48018,OAK,SFO,1403
48021,SFO,OAK,1404
48071,OAK,SFO,1405
48074,SFO,OAK,1406
48118,OAK,SFO,1407
48122,SFO,OAK,1408
48144,OAK,SFO,1409
48181,SFO,OAK,1410
48183,OAK,SFO,1411
48229,OAK,SFO,1412
48235,SFO,OAK,1413
48274,OAK,SFO,1414
48279,SFO,OAK,1415
48318,OAK,SFO,1416
48352,SFO,OAK,1417
48360,OAK,SFO,1418
48393,OAK,SFO,1419
48420,SFO,OAK,1420
48432,OAK,SFO,1421
48472,SFO,OAK,1422
48481,OAK,SFO,1423
48515,SFO,OAK,1424
48522,OAK,SFO,1425
48569,OAK,SFO,1426
48572,SFO,OAK,1427
48640,SFO,OAK,1428
48641,OAK,SFO,1429
48648,SFO,OAK,1430
48674,OAK,SFO,1431
48706,SFO,OAK,1432
48714,OAK,SFO,1433
48756,SFO,OAK,1434
48763,OAK,SFO,1435
48801,OAK,SFO,1436
48811,SFO,OAK,1437
48849,OAK,SFO,1438
48856,SFO,OAK,1439
48877,OAK,SFO,1440
48907,SFO,OAK,1441
48921,OAK,SFO,1442
48963,OAK,SFO,1443
48965,SFO,OAK,1444
48992,OAK,SFO,1445
49021,SFO,OAK,1446
49030,OAK,SFO,1447
49073,OAK,SFO,1448
49081,SFO,OAK,1449
49110,OAK,SFO,1450
49134,SFO,OAK,1451
49146,OAK,SFO,1452
49189,SFO,OAK,1453
49189,OAK,SFO,1454
49235,OAK,SFO,1455
49244,SFO,OAK,1456
49286,OAK,SFO,1457
49288,SFO,OAK,1458
49329,OAK,SFO,1459
49339,SFO,OAK,1460
49367,OAK,SFO,1461
49382,SFO,OAK,1462
49398,OAK,SFO,1463
49434,SFO,OAK,1464
49438,OAK,SFO,1465
49486,SFO,OAK,1466
49490,OAK,SFO,1467
49533,SFO,OAK,1468
49550,OAK,SFO,1469
49582,SFO,OAK,1470
49592,OAK,SFO,1471
49634,OAK,SFO,1472
49644,SFO,OAK,1473
49677,OAK,SFO,1474
49692,SFO,OAK,1475
49714,OAK,SFO,1476
49753,SFO,OAK,1477
49755,OAK,SFO,1478
49806,OAK,SFO,1479
49812,SFO,OAK,1480
49838,OAK,SFO,1481
49871,SFO,OAK,1482
49871,OAK,SFO,1483
49910,OAK,SFO,1484
49926,SFO,OAK,1485
49956,OAK,SFO,1486
49977,SFO,OAK,1487
49991,OAK,SFO,1488
50015,OAK,SFO,1489
50034,SFO,OAK,1490
50050,OAK,SFO,1491
50092,OAK,SFO,1492
50093,SFO,OAK,1493
50134,OAK,SFO,1494
50167,OAK,SFO,1495
50171,SFO,OAK,1496
50206,OAK,SFO,1497
50238,SFO,OAK,1498
50251,OAK,SFO,1499
50296,OAK,SFO,1500
50297,SFO,OAK,1501
50330,OAK,SFO,1502
50344,SFO,OAK,1503
50363,OAK,SFO,1504
50398,SFO,OAK,1505
50405,OAK,SFO,1506
50449,SFO,OAK,1507
50454,SFO,OAK,1508
50455,OAK,SFO,1509
50495,OAK,SFO,1510
50515,SFO,OAK,1511
50536,OAK,SFO,1512
50566,SFO,OAK,1513
50576,OAK,SFO,1514
50613,OAK,SFO,1515
50626,SFO,OAK,1516
50642,OAK,SFO,1517
50677,SFO,OAK,1518
50677,OAK,SFO,1519
50727,OAK,SFO,1520
50733,SFO,OAK,1521
50768,OAK,SFO,1522
50788,SFO,OAK,1523
50792,OAK,SFO,1524
50834,OAK,SFO,1525
50845,SFO,OAK,1526
50881,OAK,SFO,1527
50898,SFO,OAK,1528
50915,OAK,SFO,1529
50948,OAK,SFO,1530
50960,SFO,OAK,1531
50992,OAK,SFO,1532
51018,SFO,OAK,1533
51041,OAK,SFO,1534
51073,OAK,SFO,1535
51092,SFO,OAK,1536
51103,OAK,SFO,1537
51141,OAK,SFO,1538
51149,SFO,OAK,1539
51190,OAK,SFO,1540
51200,SFO,OAK,1541
51237,OAK,SFO,1542
51248,SFO,OAK,1543
51272,OAK,SFO,1544
51303,SFO,OAK,1545
51310,OAK,SFO,1546
51334,OAK,SFO,1547
51347,SFO,OAK,1548
51355,SFO,OAK,1549
51368,OAK,SFO,1550
51398,OAK,SFO,1551
51402,SFO,OAK,1552
51431,OAK,SFO,1553
51453,SFO,OAK,1554
51463,OAK,SFO,1555
51488,SFO,OAK,1556
51492,OAK,SFO,1557
51534,OAK,SFO,1558
51535,SFO,OAK,1559
51567,OAK,SFO,1560
51594,SFO,OAK,1561
51598,OAK,SFO,1562
51627,OAK,SFO,1563
51651,SFO,OAK,1564
51663,OAK,SFO,1565
51698,OAK,SFO,1566
51698,SFO,OAK,1567
51735,OAK,SFO,1568
51756,SFO,OAK,1569
51779,OAK,SFO,1570
51818,OAK,SFO,1571
51821,SFO,OAK,1572
51850,OAK,SFO,1573
51877,SFO,OAK,1574
51896,OAK,SFO,1575
51919,SFO,OAK,1576
51924,OAK,SFO,1577
51955,OAK,SFO,1578
51965,SFO,OAK,1579
51995,OAK,SFO,1580
52023,SFO,OAK,1581
52036,OAK,SFO,1582
52066,OAK,SFO,1583
52068,SFO,OAK,1584
52098,OAK,SFO,1585
52128,SFO,OAK,1586
52131,OAK,SFO,1587
52164,SFO,OAK,1588
52229,OAK,SFO,1589
52257,SFO,OAK,1590
52266,OAK,SFO,1591
52304,OAK,SFO,1592
52311,SFO,OAK,1593
52339,OAK,SFO,1594
52369,OAK,SFO,1595
52373,SFO,OAK,1596
52404,OAK,SFO,1597
52424,SFO,OAK,1598
52445,OAK,SFO,1599
52479,SFO,OAK,1600
52504,OAK,SFO,1601
52526,SFO,OAK,1602
52545,OAK,SFO,1603
52575,SFO,OAK,1604
52579,OAK,SFO,1605
52621,OAK,SFO,1606
52629,SFO,OAK,1607
52664,OAK,SFO,1608
52680,SFO,OAK,1609
52702,OAK,SFO,1610
52743,OAK,SFO,1611
52746,SFO,OAK,1612
52786,OAK,SFO,1613
52786,SFO,OAK,1614
52823,OAK,SFO,1615
52844,SFO,OAK,1616
52877,OAK,SFO,1617
52909,SFO,OAK,1618
52913,OAK,SFO,1619
52950,OAK,SFO,1620
52963,SFO,OAK,1621
52990,OAK,SFO,1622
53025,SFO,OAK,1623
53032,OAK,SFO,1624
53068,OAK,SFO,1625
53079,SFO,OAK,1626
53110,OAK,SFO,1627
53127,OAK,SFO,1628
53133,SFO,OAK,1629
53139,OAK,SFO,1630
53160,OAK,SFO,1631
53174,SFO,OAK,1632
53183,OAK,SFO,1633
53192,OAK,SFO,1634
53234,SFO,OAK,1635
53235,OAK,SFO,1636
53273,OAK,SFO,1637
53289,SFO,OAK,1638
53319,OAK,SFO,1639
53334,SFO,OAK,1640
53348,OAK,SFO,1641
53387,SFO,OAK,1642
53387,OAK,SFO,1643
53423,OAK,SFO,1644
53445,SFO,OAK,1645
53453,OAK,SFO,1646
53480,OAK,SFO,1647
53502,SFO,OAK,1648
53512,OAK,SFO,1649
53559,OAK,SFO,1650
53573,SFO,OAK,1651
53593,OAK,SFO,1652
53632,SFO,OAK,1653
53642,OAK,SFO,1654
53688,OAK,SFO,1655
53705,SFO,OAK,1656
53724,OAK,SFO,1657
53754,OAK,SFO,1658
53768,SFO,OAK,1659
53789,OAK,SFO,1660
53822,SFO,OAK,1661
53839,OAK,SFO,1662
53873,SFO,OAK,1663
53883,OAK,SFO,1664
53916,OAK,SFO,1665
53932,SFO,OAK,1666
53950,OAK,SFO,1667
53972,OAK,SFO,1668
54008,SFO,OAK,1669
54010,OAK,SFO,1670
54044,OAK,SFO,1671
54052,SFO,OAK,1672
54066,SFO,OAK,1673
54072,OAK,SFO,1674
54108,SFO,OAK,1675
54121,OAK,SFO,1676
54151,OAK,SFO,1677
54158,SFO,OAK,1678
54184,OAK,SFO,1679
54204,SFO,OAK,1680
54228,OAK,SFO,1681
54273,SFO,OAK,1682
54280,OAK,SFO,1683
54309,OAK,SFO,1684
54316,SFO,OAK,1685
54351,OAK,SFO,1686
54367,SFO,OAK,1687
54395,OAK,SFO,1688
54421,SFO,OAK,1689
54433,OAK,SFO,1690
54471,OAK,SFO,1691
54480,SFO,OAK,1692
54519,OAK,SFO,1693
54532,SFO,OAK,1694
54565,OAK,SFO,1695
54581,SFO,OAK,1696
54591,OAK,SFO,1697
54624,OAK,SFO,1698
54642,SFO,OAK,1699
54659,OAK,SFO,1700
54698,OAK,SFO,1701
54699,SFO,OAK,1702
54731,OAK,SFO,1703
54756,OAK,SFO,1704
54760,SFO,OAK,1705
54787,OAK,SFO,1706
54806,SFO,OAK,1707
54836,OAK,SFO,1708
54860,SFO,OAK,1709
54864,OAK,SFO,1710
54886,OAK,SFO,1711
54935,OAK,SFO,1712
54948,SFO,OAK,1713
54965,OAK,SFO,1714
54997,SFO,OAK,1715
55005,OAK,SFO,1716
55035,OAK,SFO,1717
55061,SFO,OAK,1718
55074,OAK,SFO,1719
55109,SFO,OAK,1720
55112,OAK,SFO,1721
55152,OAK,SFO,1722
55161,SFO,OAK,1723
55189,OAK,SFO,1724
55213,SFO,OAK,1725
55223,OAK,SFO,1726
55266,OAK,SFO,1727
55273,SFO,OAK,1728
55304,OAK,SFO,1729
55321,SFO,OAK,1730
55334,OAK,SFO,1731
55376,SFO,OAK,1732
55388,OAK,SFO,1733
55430,SFO,OAK,1734
55438,OAK,SFO,1735
55475,OAK,SFO,1736
55479,SFO,OAK,1737
55504,OAK,SFO,1738
55530,SFO,OAK,1739
55545,OAK,SFO,1740
55591,SFO,OAK,1741
55595,OAK,SFO,1742
55629,OAK,SFO,1743
55648,SFO,OAK,1744
55671,OAK,SFO,1745
55705,SFO,OAK,1746
55706,OAK,SFO,1747
55746,OAK,SFO,1748
55748,SFO,OAK,1749
55777,OAK,SFO,1750
55812,SFO,OAK,1751
55813,OAK,SFO,1752
55842,OAK,SFO,1753
55865,SFO,OAK,1754
55882,OAK,SFO,1755
55920,SFO,OAK,1756
55926,OAK,SFO,1757
55964,OAK,SFO,1758
55974,SFO,OAK,1759
56003,OAK,SFO,1760
56032,SFO,OAK,1761
56042,OAK,SFO,1762
56072,OAK,SFO,1763
56084,SFO,OAK,1764
56108,OAK,SFO,1765
56137,OAK,SFO,1766
56142,SFO,OAK,1767
56174,OAK,SFO,1768
56196,SFO,OAK,1769
56211,OAK,SFO,1770
56232,OAK,SFO,1771
56244,SFO,OAK,1772
56266,OAK,SFO,1773
56307,SFO,OAK,1774
56311,OAK,SFO,1775
56344,OAK,SFO,1776
56360,SFO,OAK,1777
56388,OAK,SFO,1778
56409,SFO,OAK,1779
56431,OAK,SFO,1780
56467,SFO,OAK,1781
56470,OAK,SFO,1782
56506,OAK,SFO,1783
56517,SFO,OAK,1784
56547,OAK,SFO,1785
56558,SFO,OAK,1786
56590,OAK,SFO,1787
56614,SFO,OAK,1788
56648,OAK,SFO,1789
56658,SFO,OAK,1790
56697,OAK,SFO,1791
56709,SFO,OAK,1792
56734,OAK,SFO,1793
56739,OAK,SFO,1794
56739,SFO,OAK,1795
56774,OAK,SFO,1796
56791,SFO,OAK,1797
56811,OAK,SFO,1798
56851,OAK,SFO,1799
56854,SFO,OAK,1800
56897,OAK,SFO,1801
56906,SFO,OAK,1802
56934,OAK,SFO,1803
56954,SFO,OAK,1804
56979,OAK,SFO,1805
57002,SFO,OAK,1806
57016,OAK,SFO,1807
57054,SFO,OAK,1808
57058,OAK,SFO,1809
57099,OAK,SFO,1810
57104,SFO,OAK,1811
57142,OAK,SFO,1812
57154,SFO,OAK,1813
57181,OAK,SFO,1814
57204,SFO,OAK,1815
57228,OAK,SFO,1816
57252,SFO,OAK,1817
57272,OAK,SFO,1818
57320,SFO,OAK,1819
57329,OAK,SFO,1820
57372,OAK,SFO,1821
57373,SFO,OAK,1822
57409,OAK,SFO,1823
57416,SFO,OAK,1824
57445,OAK,SFO,1825
57459,SFO,OAK,1826
57480,OAK,SFO,1827
57503,SFO,OAK,1828
57521,OAK,SFO,1829
57553,SFO,OAK,1830
57560,OAK,SFO,1831
57594,OAK,SFO,1832
57635,OAK,SFO,1833
57637,OAK,SFO,1834
57645,SFO,OAK,1835
57661,OAK,SFO,1836
57695,OAK,SFO,1837
57702,SFO,OAK,1838
57739,OAK,SFO,1839
57757,SFO,OAK,1840
57781,OAK,SFO,1841
57807,SFO,OAK,1842
57815,OAK,SFO,1843
57850,SFO,OAK,1844
57858,OAK,SFO,1845
57905,SFO,OAK,1846
57907,OAK,SFO,1847
57949,OAK,SFO,1848
57965,SFO,OAK,1849
57979,OAK,SFO,1850
58008,SFO,OAK,1851
58012,OAK,SFO,1852
58055,OAK,SFO,1853
58060,SFO,OAK,1854
58087,OAK,SFO,1855
58116,SFO,OAK,1856
58133,OAK,SFO,1857
58164,SFO,OAK,1858
58176,OAK,SFO,1859
58208,SFO,OAK,1860
58216,OAK,SFO,1861
58251,SFO,OAK,1862
58263,OAK,SFO,1863
58298,SFO,OAK,1864
58301,OAK,SFO,1865
58340,SFO,OAK,1866
58342,OAK,SFO,1867
58376,SFO,OAK,1868
58376,OAK,SFO,1869
58412,OAK,SFO,1870
58442,SFO,OAK,1871
58452,OAK,SFO,1872
58489,OAK,SFO,1873
58505,SFO,OAK,1874
58544,SFO,OAK,1875
58550,OAK,SFO,1876
58578,OAK,SFO,1877
58587,SFO,OAK,1878
58621,OAK,SFO,1879
58624,SFO,OAK,1880
58671,OAK,SFO,1881
58675,SFO,OAK,1882
58711,OAK,SFO,1883
58714,SFO,OAK,1884
58758,OAK,SFO,1885
58766,SFO,OAK,1886
58798,OAK,SFO,1887
58815,SFO,OAK,1888
58838,OAK,SFO,1889
58864,SFO,OAK,1890
58892,OAK,SFO,1891
58920,SFO,OAK,1892
58934,OAK,SFO,1893
58969,SFO,OAK,1894
58972,OAK,SFO,1895
59002,OAK,SFO,1896
59026,SFO,OAK,1897
59038,OAK,SFO,1898
59061,SFO,OAK,1899
59079,OAK,SFO,1900
59107,SFO,OAK,1901
59119,OAK,SFO,1902
59164,SFO,OAK,1903
59171,OAK,SFO,1904
59203,SFO,OAK,1905
59212,OAK,SFO,1906
59245,SFO,OAK,1907
59265,OAK,SFO,1908
59290,SFO,OAK,1909
59310,OAK,SFO,1910
59338,SFO,OAK,1911
59348,OAK,SFO,1912
59383,OAK,SFO,1913
59384,SFO,OAK,1914
59424,OAK,SFO,1915
59441,OAK,SFO,1916
59452,SFO,OAK,1917
59477,OAK,SFO,1918
59479,OAK,SFO,1919
59497,SFO,OAK,1920
59516,OAK,SFO,1921
59548,SFO,OAK,1922
59550,OAK,SFO,1923
59581,OAK,SFO,1924
59602,SFO,OAK,1925
59631,OAK,SFO,1926
59653,SFO,OAK,1927
59659,OAK,SFO,1928
59694,OAK,SFO,1929
59705,SFO,OAK,1930
59731,OAK,SFO,1931
59745,SFO,OAK,1932
59773,OAK,SFO,1933
59801,SFO,OAK,1934
59809,OAK,SFO,1935
59842,OAK,SFO,1936
59854,SFO,OAK,1937
59885,OAK,SFO,1938
59918,SFO,OAK,1939
59925,OAK,SFO,1940
59957,SFO,OAK,1941
59968,OAK,SFO,1942
59999,SFO,OAK,1943
59999,OAK,SFO,1944
60036,OAK,SFO,1945
60051,SFO,OAK,1946
60071,OAK,SFO,1947
60092,SFO,OAK,1948
60107,OAK,SFO,1949
60155,OAK,SFO,1950
60156,SFO,OAK,1951
60190,OAK,SFO,1952
60206,SFO,OAK,1953
60228,OAK,SFO,1954
60249,SFO,OAK,1955
60267,OAK,SFO,1956
60292,SFO,OAK,1957
60339,SFO,OAK,1958
60345,OAK,SFO,1959
60361,SFO,OAK,1960
60380,OAK,SFO,1961
60409,SFO,OAK,1962
60421,OAK,SFO,1963
60449,SFO,OAK,1964
60461,OAK,SFO,1965
60497,OAK,SFO,1966
60500,SFO,OAK,1967
60535,OAK,SFO,1968
60553,SFO,OAK,1969
60581,OAK,SFO,1970
60608,SFO,OAK,1971
60624,OAK,SFO,1972
60659,SFO,OAK,1973
60666,OAK,SFO,1974
60697,OAK,SFO,1975
60703,SFO,OAK,1976
60745,OAK,SFO,1977
60760,SFO,OAK,1978
60794,OAK,SFO,1979
60798,SFO,OAK,1980
60835,OAK,SFO,1981
60842,SFO,OAK,1982
60875,OAK,SFO,1983
60889,SFO,OAK,1984
60918,OAK,SFO,1985
60931,SFO,OAK,1986
60957,OAK,SFO,1987
60978,SFO,OAK,1988
61000,OAK,SFO,1989
61014,SFO,OAK,1990
61040,OAK,SFO,1991
61056,SFO,OAK,1992
61075,OAK,SFO,1993
61118,SFO,OAK,1994
61123,OAK,SFO,1995
61162,OAK,SFO,1996
61175,SFO,OAK,1997
61198,OAK,SFO,1998
61222,SFO,OAK,1999
61238,OAK,SFO,2000
61242,OAK,SFO,2001
61247,SFO,OAK,2002
61268,OAK,SFO,2003
61295,SFO,OAK,2004
61311,OAK,SFO,2005
61344,OAK,SFO,2006
61346,SFO,OAK,2007
61383,OAK,SFO,2008
61392,SFO,OAK,2009
61412,OAK,SFO,2010
61440,SFO,OAK,2011
61452,OAK,SFO,2012
61479,SFO,OAK,2013
61502,OAK,SFO,2014
61518,SFO,OAK,2015
61542,OAK,SFO,2016
61554,SFO,OAK,2017
61579,OAK,SFO,2018
61599,SFO,OAK,2019
61615,OAK,SFO,2020
61655,SFO,OAK,2021
61655,OAK,SFO,2022
61693,OAK,SFO,2023
61696,SFO,OAK,2024
61731,OAK,SFO,2025
61753,SFO,OAK,2026
61769,OAK,SFO,2027
61792,SFO,OAK,2028
61806,OAK,SFO,2029
61842,SFO,OAK,2030
61860,OAK,SFO,2031
61893,SFO,OAK,2032
61901,OAK,SFO,2033
61933,OAK,SFO,2034
61951,SFO,OAK,2035
61965,OAK,SFO,2036
61990,SFO,OAK,2037
61998,OAK,SFO,2038
62037,OAK,SFO,2039
62049,SFO,OAK,2040
62136,OAK,SFO,2041
62150,SFO,OAK,2042
62183,OAK,SFO,2043
62204,SFO,OAK,2044
62229,OAK,SFO,2045
62253,SFO,OAK,2046
62270,OAK,SFO,2047
62304,OAK,SFO,2048
62308,SFO,OAK,2049
62350,OAK,SFO,2050
62361,SFO,OAK,2051
62385,OAK,SFO,2052
62412,SFO,OAK,2053
62427,OAK,SFO,2054
62460,SFO,OAK,2055
62473,OAK,SFO,2056
62505,SFO,OAK,2057
62512,OAK,SFO,2058
62548,OAK,SFO,2059
62559,SFO,OAK,2060
62583,OAK,SFO,2061
62608,SFO,OAK,2062
62621,OAK,SFO,2063
62655,OAK,SFO,2064
62656,SFO,OAK,2065
62683,OAK,SFO,2066
62708,SFO,OAK,2067
62738,OAK,SFO,2068
62742,SFO,OAK,2069
62785,SFO,OAK,2070
62791,OAK,SFO,2071
62829,OAK,SFO,2072
62845,SFO,OAK,2073
62866,OAK,SFO,2074
62892,SFO,OAK,2075
62897,OAK,SFO,2076
62936,SFO,OAK,2077
62941,OAK,SFO,2078
62974,OAK,SFO,2079
62982,SFO,OAK,2080
63033,SFO,OAK,2081
63045,OAK,SFO,2082
63054,SFO,OAK,2083
63087,OAK,SFO,2084
63101,SFO,OAK,2085
63130,OAK,SFO,2086
63147,SFO,OAK,2087
63179,OAK,SFO,2088
63210,SFO,OAK,2089
63221,OAK,SFO,2090
63259,SFO,OAK,2091
63271,OAK,SFO,2092
63301,OAK,SFO,2093
63302,SFO,OAK,2094
63340,OAK,SFO,2095
63361,SFO,OAK,2096
63390,OAK,SFO,2097
63402,SFO,OAK,2098
63423,OAK,SFO,2099
63455,SFO,OAK,2100
63459,OAK,SFO,2101
63498,OAK,SFO,2102
63501,SFO,OAK,2103
63539,OAK,SFO,2104
63548,SFO,OAK,2105
63578,OAK,SFO,2106
63592,SFO,OAK,2107
63617,OAK,SFO,2108
63645,SFO,OAK,2109
63662,OAK,SFO,2110
63684,SFO,OAK,2111
63709,OAK,SFO,2112
63736,SFO,OAK,2113
63753,OAK,SFO,2114
63775,SFO,OAK,2115
63798,OAK,SFO,2116
63824,SFO,OAK,2117
63832,OAK,SFO,2118
63872,SFO,OAK,2119
63881,OAK,SFO,2120
63910,SFO,OAK,2121
63927,OAK,SFO,2122
63939,SFO,OAK,2123
63958,OAK,SFO,2124
63988,SFO,OAK,2125
63993,OAK,SFO,2126
64029,SFO,OAK,2127
64031,OAK,SFO,2128
64076,SFO,OAK,2129
64079,OAK,SFO,2130
64116,OAK,SFO,2131
64130,SFO,OAK,2132
64175,OAK,SFO,2133
64183,SFO,OAK,2134
64221,OAK,SFO,2135
64231,SFO,OAK,2136
64259,OAK,SFO,2137
64271,SFO,OAK,2138
64298,OAK,SFO,2139
64321,SFO,OAK,2140
64340,OAK,SFO,2141
64374,SFO,OAK,2142
64396,OAK,SFO,2143
64436,SFO,OAK,2144
64440,OAK,SFO,2145
64476,OAK,SFO,2146
64480,SFO,OAK,2147
64522,OAK,SFO,2148
64526,SFO,OAK,2149
64562,SFO,OAK,2150
64570,OAK,SFO,2151
64617,SFO,OAK,2152
64620,OAK,SFO,2153
64658,SFO,OAK,2154
64666,OAK,SFO,2155
64706,OAK,SFO,2156
64716,SFO,OAK,2157
64758,OAK,SFO,2158
64759,SFO,OAK,2159
64792,OAK,SFO,2160
64806,SFO,OAK,2161
64832,OAK,SFO,2162
64842,OAK,SFO,2163
64863,SFO,OAK,2164
64889,OAK,SFO,2165
64902,SFO,OAK,2166
64927,OAK,SFO,2167
64963,SFO,OAK,2168
64970,OAK,SFO,2169
65002,OAK,SFO,2170
65004,SFO,OAK,2171
65040,OAK,SFO,2172
65055,SFO,OAK,2173
65082,OAK,SFO,2174
65107,SFO,OAK,2175
65139,OAK,SFO,2176
65151,SFO,OAK,2177
65191,OAK,SFO,2178
65196,SFO,OAK,2179
65234,OAK,SFO,2180
65256,SFO,OAK,2181
65274,OAK,SFO,2182
65301,SFO,OAK,2183
65315,OAK,SFO,2184
65346,SFO,OAK,2185
65358,OAK,SFO,2186
65397,OAK,SFO,2187
65402,SFO,OAK,2188
65438,OAK,SFO,2189
65442,SFO,OAK,2190
65471,OAK,SFO,2191
65482,SFO,OAK,2192
65504,OAK,SFO,2193
65534,OAK,SFO,2194
65542,SFO,OAK,2195
65572,OAK,SFO,2196
65595,SFO,OAK,2197
65621,OAK,SFO,2198
65636,SFO,OAK,2199
65656,OAK,SFO,2200
65695,SFO,OAK,2201
65749,OAK,SFO,2202
65759,SFO,OAK,2203
65781,OAK,SFO,2204
65821,SFO,OAK,2205
65828,OAK,SFO,2206
65870,SFO,OAK,2207
65871,OAK,SFO,2208
65915,OAK,SFO,2209
65932,SFO,OAK,2210
65966,OAK,SFO,2211
65983,SFO,OAK,2212
65998,OAK,SFO,2213
66033,SFO,OAK,2214
66049,OAK,SFO,2215
66090,SFO,OAK,2216
66094,OAK,SFO,2217
66132,SFO,OAK,2218
66144,OAK,SFO,2219
66186,SFO,OAK,2220
66189,OAK,SFO,2221
66240,OAK,SFO,2222
66247,SFO,OAK,2223
66289,OAK,SFO,2224
66294,SFO,OAK,2225
66335,OAK,SFO,2226
66354,SFO,OAK,2227
66379,OAK,SFO,2228
66411,SFO,OAK,2229
66420,OAK,SFO,2230
66461,SFO,OAK,2231
66469,OAK,SFO,2232
66513,OAK,SFO,2233
66517,SFO,OAK,2234
66557,OAK,SFO,2235
66565,SFO,OAK,2236
66605,OAK,SFO,2237
66617,SFO,OAK,2238
66636,OAK,SFO,2239
66639,OAK,SFO,2240
66657,SFO,OAK,2241
66694,OAK,SFO,2242
66704,SFO,OAK,2243
66737,OAK,SFO,2244
66769,SFO,OAK,2245
66776,OAK,SFO,2246
66817,OAK,SFO,2247
66826,SFO,OAK,2248
66863,OAK,SFO,2249
66876,SFO,OAK,2250
66912,OAK,SFO,2251
66926,SFO,OAK,2252
66955,OAK,SFO,2253
66978,SFO,OAK,2254
66997,OAK,SFO,2255
67027,SFO,OAK,2256
67055,OAK,SFO,2257
67077,SFO,OAK,2258
67099,OAK,SFO,2259
67125,SFO,OAK,2260
67138,OAK,SFO,2261
67185,SFO,OAK,2262
67192,OAK,SFO,2263
67229,OAK,SFO,2264
67234,SFO,OAK,2265
67277,OAK,SFO,2266
67281,SFO,OAK,2267
67319,OAK,SFO,2268
67330,SFO,OAK,2269
67361,OAK,SFO,2270
67363,SFO,OAK,2271
67401,OAK,SFO,2272
67418,SFO,OAK,2273
67450,OAK,SFO,2274
67474,SFO,OAK,2275
67485,OAK,SFO,2276
67533,OAK,SFO,2277
67534,OAK,SFO,2278
67572,SFO,OAK,2279
67579,OAK,SFO,2280
67623,OAK,SFO,2281
67638,SFO,OAK,2282
67657,OAK,SFO,2283
67692,OAK,SFO,2284
67700,SFO,OAK,2285
67737,OAK,SFO,2286
67762,SFO,OAK,2287
67774,OAK,SFO,2288
67816,OAK,SFO,2289
67821,SFO,OAK,2290
67865,OAK,SFO,2291
67896,SFO,OAK,2292
67913,OAK,SFO,2293
67937,SFO,OAK,2294
67956,OAK,SFO,2295
67992,OAK,SFO,2296
68004,SFO,OAK,2297
68037,OAK,SFO,2298
68084,SFO,OAK,2299
68085,OAK,SFO,2300
68142,OAK,SFO,2301
68157,SFO,OAK,2302
68182,OAK,SFO,2303
68216,SFO,OAK,2304
68223,OAK,SFO,2305
68255,OAK,SFO,2306
68265,SFO,OAK,2307
68305,OAK,SFO,2308
68331,SFO,OAK,2309
68342,OAK,SFO,2310
68381,SFO,OAK,2311
68395,OAK,SFO,2312
68439,OAK,SFO,2313
68451,SFO,OAK,2314
68451,SFO,OAK,2315
68481,OAK,SFO,2316
68524,SFO,OAK,2317
68536,OAK,SFO,2318
68568,OAK,SFO,2319
68586,SFO,OAK,2320
68621,OAK,SFO,2321
68647,SFO,OAK,2322
68656,OAK,SFO,2323
68698,SFO,OAK,2324
68700,OAK,SFO,2325
68739,SFO,OAK,2326
68745,OAK,SFO,2327
68782,OAK,SFO,2328
68808,SFO,OAK,2329
68821,OAK,SFO,2330
68873,OAK,SFO,2331
68876,SFO,OAK,2332
68911,OAK,SFO,2333
68942,SFO,OAK,2334
68949,OAK,SFO,2335
68995,SFO,OAK,2336
68997,OAK,SFO,2337
69030,OAK,SFO,2338
69056,SFO,OAK,2339
69064,OAK,SFO,2340
69112,SFO,OAK,2341
69116,OAK,SFO,2342
69159,SFO,OAK,2343
69161,OAK,SFO,2344
69195,OAK,SFO,2345
69238,SFO,OAK,2346
69246,OAK,SFO,2347
69294,OAK,SFO,2348
69298,SFO,OAK,2349
69351,OAK,SFO,2350
69375,SFO,OAK,2351
69390,OAK,SFO,2352
69441,OAK,SFO,2353
69450,SFO,OAK,2354
69483,OAK,SFO,2355
69508,SFO,OAK,2356
69523,OAK,SFO,2357
69570,OAK,SFO,2358
69572,SFO,OAK,2359
69603,OAK,SFO,2360
69615,SFO,OAK,2361
69647,OAK,SFO,2362
69669,SFO,OAK,2363
69697,OAK,SFO,2364
69730,SFO,OAK,2365
69734,OAK,SFO,2366
69783,OAK,SFO,2367
69791,SFO,OAK,2368
69830,OAK,SFO,2369
69843,SFO,OAK,2370
69870,OAK,SFO,2371
69907,SFO,OAK,2372
69916,OAK,SFO,2373
69955,OAK,SFO,2374
69970,SFO,OAK,2375
69997,OAK,SFO,2376
70035,SFO,OAK,2377
70044,OAK,SFO,2378
70081,OAK,SFO,2379
70097,SFO,OAK,2380
70135,OAK,SFO,2381
70155,SFO,OAK,2382
70182,OAK,SFO,2383
70221,OAK,SFO,2384
70242,OAK,SFO,2385
70269,SFO,OAK,2386
70285,OAK,SFO,2387
70329,OAK,SFO,2388
70345,SFO,OAK,2389
70370,OAK,SFO,2390
70400,SFO,OAK,2391
70412,OAK,SFO,2392
70452,OAK,SFO,2393
70464,SFO,OAK,2394
70503,OAK,SFO,2395
70528,SFO,OAK,2396
70545,OAK,SFO,2397
70585,OAK,SFO,2398
70598,SFO,OAK,2399
70627,OAK,SFO,2400
70654,OAK,SFO,2401
70676,SFO,OAK,2402
70700,OAK,SFO,2403
70743,SFO,OAK,2404
70748,OAK,SFO,2405
70804,OAK,SFO,2406
70821,SFO,OAK,2407
70854,OAK,SFO,2408
70899,SFO,OAK,2409
70900,OAK,SFO,2410
70947,OAK,SFO,2411
70960,SFO,OAK,2412
70991,OAK,SFO,2413
71017,SFO,OAK,2414
71049,OAK,SFO,2415
71081,SFO,OAK,2416
71100,OAK,SFO,2417
71165,OAK,SFO,2418
71165,SFO,OAK,2419
71224,OAK,SFO,2420
71234,SFO,OAK,2421
71271,OAK,SFO,2422
71306,SFO,OAK,2423
71309,OAK,SFO,2424
71361,OAK,SFO,2425
71395,SFO,OAK,2426
71399,OAK,SFO,2427
71455,OAK,SFO,2428
71469,SFO,OAK,2429
71495,OAK,SFO,2430
71528,SFO,OAK,2431
71554,OAK,SFO,2432
71597,SFO,OAK,2433
71603,OAK,SFO,2434
71651,SFO,OAK,2435
71652,OAK,SFO,2436
71691,OAK,SFO,2437
71710,SFO,OAK,2438
71721,OAK,SFO,2439
71771,SFO,OAK,2440
71777,OAK,SFO,2441
71832,OAK,SFO,2442
71835,SFO,OAK,2443
71885,OAK,SFO,2444
71906,SFO,OAK,2445
71926,OAK,SFO,2446
71975,OAK,SFO,2447
71984,SFO,OAK,2448
72019,OAK,SFO,2449
72038,OAK,SFO,2450
72069,SFO,OAK,2451
72106,OAK,SFO,2452
72143,SFO,OAK,2453
72156,OAK,SFO,2454
72208,SFO,OAK,2455
72215,OAK,SFO,2456
72274,OAK,SFO,2457
72276,SFO,OAK,2458
72324,OAK,SFO,2459
72355,OAK,SFO,2460
72358,SFO,OAK,2461
72396,OAK,SFO,2462
72435,SFO,OAK,2463
72443,OAK,SFO,2464
72490,OAK,SFO,2465
72508,SFO,OAK,2466
72529,OAK,SFO,2467
72572,SFO,OAK,2468
72578,OAK,SFO,2469
72627,OAK,SFO,2470
72657,SFO,OAK,2471
72678,OAK,SFO,2472
72726,OAK,SFO,2473
72740,SFO,OAK,2474
72770,OAK,SFO,2475
72820,OAK,SFO,2476
72823,SFO,OAK,2477
72876,OAK,SFO,2478
72905,SFO,OAK,2479
72938,OAK,SFO,2480
72961,SFO,OAK,2481
72983,OAK,SFO,2482
73034,OAK,SFO,2483
73035,SFO,OAK,2484
73091,OAK,SFO,2485
73123,SFO,OAK,2486
73139,OAK,SFO,2487
73195,OAK,SFO,2488
73196,SFO,OAK,2489
73252,OAK,SFO,2490
73279,SFO,OAK,2491
73310,OAK,SFO,2492
73353,OAK,SFO,2493
73364,SFO,OAK,2494
73393,OAK,SFO,2495
73435,SFO,OAK,2496
73439,OAK,SFO,2497
73485,OAK,SFO,2498
73492,SFO,OAK,2499
73537,OAK,SFO,2500
73582,SFO,OAK,2501
73604,OAK,SFO,2502
73658,OAK,SFO,2503
73667,SFO,OAK,2504
73699,OAK,SFO,2505
73749,OAK,SFO,2506
73750,SFO,OAK,2507
73786,OAK,SFO,2508
73833,SFO,OAK,2509
73844,OAK,SFO,2510
73872,SFO,OAK,2511
73890,OAK,SFO,2512
73938,OAK,SFO,2513
73939,SFO,OAK,2514
73993,OAK,SFO,2515
74019,SFO,OAK,2516
74054,OAK,SFO,2517
74096,SFO,OAK,2518
74101,OAK,SFO,2519
74153,OAK,SFO,2520
74197,OAK,SFO,2521
74197,SFO,OAK,2522
74244,OAK,SFO,2523
74266,SFO,OAK,2524
74303,OAK,SFO,2525
74334,SFO,OAK,2526
74358,OAK,SFO,2527
74405,SFO,OAK,2528
74409,OAK,SFO,2529
74453,OAK,SFO,2530
74489,SFO,OAK,2531
74514,OAK,SFO,2532
74573,OAK,SFO,2533
74579,SFO,OAK,2534
74632,OAK,SFO,2535
74637,SFO,OAK,2536
74690,OAK,SFO,2537
74714,SFO,OAK,2538
74744,OAK,SFO,2539
74771,SFO,OAK,2540
74799,OAK,SFO,2541
74826,SFO,OAK,2542
74866,OAK,SFO,2543
74891,SFO,OAK,2544
74903,OAK,SFO,2545
74958,OAK,SFO,2546
74973,SFO,OAK,2547
75021,OAK,SFO,2548
75038,SFO,OAK,2549
75086,OAK,SFO,2550
75117,SFO,OAK,2551
75139,OAK,SFO,2552
75208,OAK,SFO,2553
75218,SFO,OAK,2554
75273,OAK,SFO,2555
75278,SFO,OAK,2556
75337,OAK,SFO,2557
75343,SFO,OAK,2558
75400,OAK,SFO,2559
75413,SFO,OAK,2560
75454,OAK,SFO,2561
75499,SFO,OAK,2562
75503,OAK,SFO,2563
75564,OAK,SFO,2564
75576,SFO,OAK,2565
